{
  "version": "1.0",
  "resources": [
    {
      "resource": "queue",
      "metadata": {
        "name": {
          "defaultValue": "in_Config(\"OrchestratorQueueName\").ToString",
          "isExpression": true
        },
        "folderPath": {
          "defaultValue": "in_Config(\"OrchestratorQueueFolder\").ToString",
          "isExpression": true
        }
      }
    },
    {
      "resource": "asset",
      "metadata": {
        "name": {
          "defaultValue": "row(\"Asset\").ToString",
          "isExpression": true
        },
        "folderPath": {
          "defaultValue": "row(\"OrchestratorAssetFolder\").ToString",
          "isExpression": true
        }
      }
    },
    {
      "resource": "queue",
      "metadata": {
        "folderPath": {
          "defaultValue": "in_Config(\"OrchestratorQueueFolder\").ToString",
          "isExpression": true
        }
      }
    },
    {
      "resource": "bucket",
      "metadata": {
        "name": {
          "defaultValue": "ProductionStatus",
          "isExpression": false
        },
        "folderPath": {
          "defaultValue": "UnatttendedUser",
          "isExpression": false
        }
      }
    }
  ]
}