{
  "Workflows": [
    {
      "Path": null,
      "SortBy": 0,
      "VariablesSectionElementsOrder": [],
      "ArgumentsSectionElementsOrder": null,
      "ConstantsSectionElementsOrder": [],
      "AddedNamespaces": null
    },
    {
      "Path": "Modular/ConstructMessage.xaml",
      "SortBy": 0,
      "VariablesSectionElementsOrder": [
        "currentItem&Sequence_17"
      ],
      "ArgumentsSectionElementsOrder": [
        "checkEmail",
        "EmailAlreadyProcessed",
        "WAMessage",
        "WADestination",
        "Dt_Summary",
        "in_Config",
        "in_CurrentItem"
      ],
      "ConstantsSectionElementsOrder": [],
      "AddedNamespaces": null
    },
    {
      "Path": "Main.xaml",
      "SortBy": 0,
      "VariablesSectionElementsOrder": [
        "TransactionItem&StateMachine_1",
        "SystemException&StateMachine_1",
        "BusinessException&StateMachine_1",
        "TransactionNumber&StateMachine_1",
        "Config&StateMachine_1",
        "RetryNumber&StateMachine_1",
        "TransactionField2&StateMachine_1",
        "TransactionField1&StateMachine_1",
        "TransactionID&StateMachine_1",
        "dt_TransactionData&StateMachine_1",
        "ConsecutiveSystemExceptions&StateMachine_1",
        "errorScreenshot&Sequence_35",
        "errorReport&Sequence_35",
        "errorType&Sequence_35"
      ],
      "ArgumentsSectionElementsOrder": [
        "in_OrchestratorQueueName",
        "in_OrchestratorQueueFolder"
      ],
      "ConstantsSectionElementsOrder": [],
      "AddedNamespaces": null
    }
  ]
}