{"ProjectSettings":"{\"IncludeSourcesByDefault\":true,\"RemoveUnusedDependencies\":false}","OpenedDocuments":"[\"Framework/InitAllSettings.xaml\",\"Framework/KillAllProcesses.xaml\",\"Framework/InitAllApplications.xaml\",\"Modular/WhatsApp_OpenAndSendMsg.xaml\",\"Modular/ConstructMessage.xaml\",\"Modular/EmailProcessing.xaml\",\"Framework/Process.xaml\",\"Framework/SetTransactionStatus.xaml\",\"Modular/EmailSuccess.xaml\",\"Framework/CloseAllApplications.xaml\",\"Main.xaml\"]","ProjectActivitiesViewState":"{\"Modular/EmailProcessing.xaml\":[{\"ActivityIdRef\":\"If_1\",\"IsAdvancedOptionsExpanded\":false,\"Widgets\":{}},{\"ActivityIdRef\":\"If_2\",\"IsAdvancedOptionsExpanded\":false,\"Widgets\":{}},{\"ActivityIdRef\":\"Break_1\",\"IsAdvancedOptionsExpanded\":false,\"Widgets\":{}},{\"ActivityIdRef\":\"SetAsset_1\",\"IsAdvancedOptionsExpanded\":true,\"Categories\":{\"Others\":true},\"Widgets\":{}},{\"ActivityIdRef\":\"If_3\",\"IsAdvancedOptionsExpanded\":false,\"Widgets\":{}},{\"ActivityIdRef\":\"If_4\",\"IsAdvancedOptionsExpanded\":false,\"Widgets\":{}},{\"ActivityIdRef\":\"If_9\",\"IsAdvancedOptionsExpanded\":false,\"Widgets\":{}},{\"ActivityIdRef\":\"If_12\",\"IsAdvancedOptionsExpanded\":false,\"Widgets\":{}},{\"ActivityIdRef\":\"If_11\",\"IsAdvancedOptionsExpanded\":false,\"Widgets\":{}},{\"ActivityIdRef\":\"If_10\",\"IsAdvancedOptionsExpanded\":false,\"Widgets\":{}},{\"ActivityIdRef\":\"SetAsset_3\",\"IsAdvancedOptionsExpanded\":false,\"Categories\":{\"Others\":true},\"Widgets\":{}}],\"Modular/ConstructMessage.xaml\":[{\"ActivityIdRef\":\"If_2\",\"IsAdvancedOptionsExpanded\":false,\"Widgets\":{}}],\"Modular/WhatsApp_OpenAndSendMsg.xaml\":[{\"ActivityIdRef\":\"If_1\",\"IsAdvancedOptionsExpanded\":false,\"Widgets\":{}},{\"ActivityIdRef\":\"If_3\",\"IsAdvancedOptionsExpanded\":false,\"Widgets\":{}},{\"ActivityIdRef\":\"WriteLine_1\",\"IsAdvancedOptionsExpanded\":false,\"Widgets\":{}},{\"ActivityIdRef\":\"Delay_1\",\"IsAdvancedOptionsExpanded\":false,\"Widgets\":{}},{\"ActivityIdRef\":\"Throw_2\",\"IsAdvancedOptionsExpanded\":false,\"Widgets\":{}}],\"Main.xaml\":[{\"ActivityIdRef\":\"If_15\",\"IsAdvancedOptionsExpanded\":false,\"Widgets\":{}},{\"ActivityIdRef\":\"If_16\",\"IsAdvancedOptionsExpanded\":false,\"Widgets\":{}},{\"ActivityIdRef\":\"If_1\",\"IsAdvancedOptionsExpanded\":false,\"Widgets\":{}},{\"ActivityIdRef\":\"If_10\",\"IsAdvancedOptionsExpanded\":false,\"Widgets\":{}},{\"ActivityIdRef\":\"AddLogFields_2\",\"IsAdvancedOptionsExpanded\":false,\"Widgets\":{}},{\"ActivityIdRef\":\"If_13\",\"IsAdvancedOptionsExpanded\":false,\"Widgets\":{}},{\"ActivityIdRef\":\"Throw_1\",\"IsAdvancedOptionsExpanded\":false,\"Widgets\":{}}],\"Framework/SetTransactionStatus.xaml\":[{\"ActivityIdRef\":\"If_4\",\"IsAdvancedOptionsExpanded\":false,\"Widgets\":{}},{\"ActivityIdRef\":\"SetTransactionStatus_4\",\"IsAdvancedOptionsExpanded\":false,\"Categories\":{\"Input\":true,\"Transaction Error\":true,\"Others\":true},\"Widgets\":{}},{\"ActivityIdRef\":\"If_6\",\"IsAdvancedOptionsExpanded\":false,\"Widgets\":{}},{\"ActivityIdRef\":\"AddLogFields_6\",\"IsAdvancedOptionsExpanded\":false,\"Widgets\":{}},{\"ActivityIdRef\":\"RemoveLogFields_6\",\"IsAdvancedOptionsExpanded\":false,\"Widgets\":{}},{\"ActivityIdRef\":\"SetTransactionStatus_8\",\"IsAdvancedOptionsExpanded\":false,\"Categories\":{\"Input\":true,\"Transaction Error\":true,\"Others\":true},\"Widgets\":{}},{\"ActivityIdRef\":\"Rethrow_1\",\"IsAdvancedOptionsExpanded\":false,\"Widgets\":{}}],\"Modular/EmailProcessing - Copy (1).xaml\":[{\"ActivityIdRef\":\"If_1\",\"IsAdvancedOptionsExpanded\":false,\"Widgets\":{}},{\"ActivityIdRef\":\"If_2\",\"IsAdvancedOptionsExpanded\":false,\"Widgets\":{}}],\"Excel_Library/GetScreenshootTable.xaml\":[{\"ActivityIdRef\":\"WriteLine_2\",\"IsAdvancedOptionsExpanded\":false,\"Widgets\":{}},{\"ActivityIdRef\":\"If_1\",\"IsAdvancedOptionsExpanded\":false,\"Widgets\":{}},{\"ActivityIdRef\":\"If_2\",\"IsAdvancedOptionsExpanded\":false,\"Widgets\":{}},{\"ActivityIdRef\":\"WriteLine_1\",\"IsAdvancedOptionsExpanded\":false,\"Widgets\":{}}],\"Email Notification.xaml\":[{\"ActivityIdRef\":\"If_1\",\"IsAdvancedOptionsExpanded\":false,\"Widgets\":{}}],\"Framework/KillAllProcesses.xaml\":[{\"ActivityIdRef\":\"KillProcess_2\",\"IsAdvancedOptionsExpanded\":false,\"Widgets\":{}}]}","ProjectBreakpoints":"{\"Value\":{}}","ProjectWatches":"{\"Value\":[]}"}