{
  "Workflows": [
    {
      "Path": null,
      "SortBy": 0,
      "VariablesSectionElementsOrder": [],
      "ArgumentsSectionElementsOrder": null,
      "ConstantsSectionElementsOrder": [],
      "AddedNamespaces": null
    },
    {
      "Path": "Main.xaml",
      "SortBy": 0,
      "VariablesSectionElementsOrder": [],
      "ArgumentsSectionElementsOrder": [],
      "ConstantsSectionElementsOrder": [],
      "AddedNamespaces": null
    },
    {
      "Path": "RPA Medical.xaml",
      "SortBy": 0,
      "VariablesSectionElementsOrder": [
        "LatestFile_DataAllEmployee&Sequence_1",
        "filePath_DataAllEmployee&Sequence_1",
        "filePath_consol_csv&Sequence_1",
        "LatestFile_csv&Sequence_1",
        "filePath_consol_xlsx&Sequence_1",
        "baca_csv_consol&Sequence_1",
        "sheetName&Sequence_1",
        "fileNameXLS&Sequence_1",
        "LatesFile_xlsx&Sequence_1",
        "template_Medical&Sequence_1",
        "runningDate&Sequence_1",
        "filePath_MedicalReport&Sequence_1",
        "LatesFile_MedicalReport&Sequence_1",
        "filePath_MedicalHistory&Sequence_1",
        "LatestFile_MedicalHistory&Sequence_1",
        "baca_MedicalHistory&Sequence_1",
        "dt_consolidation&Sequence_1",
        "Output_MedicalReport&Sequence_1",
        "currentDate&Sequence_1",
        "OutputFileName&Sequence_1"
      ],
      "ArgumentsSectionElementsOrder": [],
      "ConstantsSectionElementsOrder": [],
      "AddedNamespaces": null
    },
    {
      "Path": "SAP Daily Control.xaml",
      "SortBy": 0,
      "VariablesSectionElementsOrder": [],
      "ArgumentsSectionElementsOrder": [],
      "ConstantsSectionElementsOrder": [],
      "AddedNamespaces": null
    },
    {
      "Path": "Download_Data_Haermes.xaml",
      "SortBy": 0,
      "VariablesSectionElementsOrder": [
        "icon_Ajinomoto&Sequence_3",
        "pass&Sequence_1",
        "user&Sequence_1",
        "pass_haermes&Sequence_1",
        "user_haermes&Sequence_1",
        "filepath_haermes&Sequence_1"
      ],
      "ArgumentsSectionElementsOrder": [],
      "ConstantsSectionElementsOrder": [],
      "AddedNamespaces": null
    },
    {
      "Path": "Download_Data_K2.xaml",
      "SortBy": 0,
      "VariablesSectionElementsOrder": [
        "CreateDateTo&Sequence_1",
        "CreateDateFrom&Sequence_1",
        "pass2_k2&Sequence_1",
        "user2_k2&Sequence_1",
        "pass_k2&Sequence_1",
        "user_k2&Sequence_1"
      ],
      "ArgumentsSectionElementsOrder": [],
      "ConstantsSectionElementsOrder": [],
      "AddedNamespaces": null
    },
    {
      "Path": "FlowchartMedical.xaml",
      "SortBy": 0,
      "VariablesSectionElementsOrder": [],
      "ArgumentsSectionElementsOrder": [],
      "ConstantsSectionElementsOrder": [],
      "AddedNamespaces": null
    },
    {
      "Path": "Flowchart.xaml",
      "SortBy": 0,
      "VariablesSectionElementsOrder": [],
      "ArgumentsSectionElementsOrder": [],
      "ConstantsSectionElementsOrder": [],
      "AddedNamespaces": null
    },
    {
      "Path": "MoveFile.xaml",
      "SortBy": 0,
      "VariablesSectionElementsOrder": [
        "MoveFiles&Sequence_2",
        "Pindah_File&Sequence_2",
        "DirectoryPath&Sequence_2",
        "Files&Sequence_2",
        "FileName&Sequence_2",
        "DatePart&Sequence_2",
        "NewFileName&Sequence_2",
        "DestinationPath&Sequence_2"
      ],
      "ArgumentsSectionElementsOrder": [],
      "ConstantsSectionElementsOrder": [],
      "AddedNamespaces": null
    }
  ]
}