{
  "Workflows": [
    {
      "Path": null,
      "SortBy": 0,
      "VariablesSectionElementsOrder": [],
      "ArgumentsSectionElementsOrder": null,
      "ConstantsSectionElementsOrder": [],
      "AddedNamespaces": null
    },
    {
      "Path": "Flowchart.xaml",
      "SortBy": 0,
      "VariablesSectionElementsOrder": [
        "workbook&Flowchart_1",
        "fileExportSAP&Flowchart_1",
        "fileSAP_K2&Flowchart_1",
        "sourceTemplateSAP&Flowchart_1",
        "copyTemplateSAP&Flowchart_1",
        "sourceTemplateSAP_K2&Flowchart_1",
        "copyTemplateSAP_K2&Flowchart_1",
        "MailSubject&Flowchart_1",
        "SMTPHost&Flowchart_1",
        "SMTPPort&Flowchart_1",
        "MailAccount&Flowchart_1",
        "MailPassword&Flowchart_1",
        "Tolist&Flowchart_1",
        "CcList&Flowchart_1",
        "pathOutput&Flowchart_1",
        "endTime&Flowchart_1",
        "startTime&Flowchart_1",
        "cfgValue&Sequence_153",
        "jConfig&Sequence_153",
        "endDate&Sequence_217",
        "startDate&Sequence_217",
        "strID&Sequence_217",
        "strPassword&Sequence_217",
        "strStartDate&Sequence_217",
        "strEndDate&Sequence_217",
        "startDateFilter&Sequence_217",
        "endDateFilter&Sequence_217",
        "IsValidStartDate&Sequence_217",
        "IsValidEndDate&Sequence_217",
        "fileName&Sequence_165",
        "startDate&Sequence_165",
        "dtExport&Sequence_81",
        "dtData&Sequence_188",
        "siteValues&Sequence_188",
        "dtFiltered&Sequence_211",
        "Duration&Sequence_228",
        "DurationString&Sequence_228",
        "strSite&Sequence_190",
        "dtEmail&Sequence_190",
        "adminCode&Sequence_192",
        "emailList&Sequence_192",
        "attachmentPath&Sequence_192",
        "todayDate&Sequence_192",
        "ccList&Sequence_192",
        "ToEmail&Sequence_227",
        "EmailTable&Sequence_227",
        "CCEmail&Sequence_227",
        "DateInfo&Sequence_227"
      ],
      "ArgumentsSectionElementsOrder": [],
      "ConstantsSectionElementsOrder": [],
      "AddedNamespaces": null
    },
    {
      "Path": "SAP.xaml",
      "SortBy": 0,
      "VariablesSectionElementsOrder": [
        "workbook&Flowchart_1",
        "strID&Flowchart_1",
        "strPassword&Flowchart_1",
        "startDate&Flowchart_1",
        "endDate&Sequence_103"
      ],
      "ArgumentsSectionElementsOrder": [],
      "ConstantsSectionElementsOrder": [],
      "AddedNamespaces": null
    },
    {
      "Path": "Send Email.xaml",
      "SortBy": 0,
      "VariablesSectionElementsOrder": [
        "endDate&Sequence_17",
        "startDate&Sequence_17",
        "strID&Sequence_17",
        "strPassword&Sequence_17",
        "strStartDate&Sequence_17",
        "strEndDate&Sequence_17",
        "startDateFilter&Sequence_17",
        "endDateFilter&Sequence_17",
        "IsValidStartDate&Sequence_17",
        "IsValidEndDate&Sequence_17",
        "fileName&Sequence_18",
        "startDate&Sequence_18",
        "Duration&Sequence_10",
        "DurationString&Sequence_10",
        "strSite&Sequence_11",
        "dtEmail&Sequence_11",
        "adminCode&Sequence_12",
        "emailList&Sequence_12",
        "attachmentPath&Sequence_12",
        "todayDate&Sequence_12",
        "ccList&Sequence_12",
        "ToEmail&Sequence_13",
        "EmailTable&Sequence_13",
        "CCEmail&Sequence_13",
        "DateInfo&Sequence_13"
      ],
      "ArgumentsSectionElementsOrder": [],
      "ConstantsSectionElementsOrder": [],
      "AddedNamespaces": null
    }
  ]
}