{
  "SAPProd": "HYF",
  "UserSAP" : "ID0883",
  "UserSAPARYA" : "ID0697",
  "PassSAP" : "Ajinomoto12345",
  "SharedPathOutputBPK" : "D:\\RPA NEW REQUEST\\Source Data\\Clearing AR\\",
  "SharedPathMoveOutputBPK" : "D:\\RPA NEW REQUEST\\Source Data\\Clearing AR\\Done Clearing\\",
  "SharedPathReportClearing" : "D:\\RPA NEW REQUEST\\Template\\Report Clearing AR\\Report Result Clearing AR.xlsx",
  "SharedPathReportResultClearing" : "D:\\RPA NEW REQUEST\\Output\\Clearing AR\\",
  "SharedPathMoveReportClearing" : "D:\\RPA NEW REQUEST\\Output\\Clearing AR\\Done Process Update\\",
  "SharedPathMoveOutputBPKDoneUpdate" : "D:\\RPA NEW REQUEST\\Source Data\\Clearing AR\\Done Update\\",
  "SharedPathMasterSAP" : "D:\\RPA NEW REQUEST\\Master Data\\Master User ID SAP.xlsx",
  "SharedPathTemplate" : "D:\\RPA NEW REQUEST\\Template\\",
  "SharedPathTemplateMasterWeb" : "D:\\RPA NEW REQUEST\\Template\\Web Apps\\Template Formula Master List Invoice.xlsm",
  "SharedPathSourceDataInvoice" : "D:\\RPA NEW REQUEST\\Source Data\\List Invoice\\",
  "SharedPathTempListInvoice" : "D:\\RPA NEW REQUEST\\Temporary\\List Invoice\\",
  "SharedPathOutputListInvoice" : "D:\\RPA NEW REQUEST\\Output\\List Invoice\\",
  "SharedPathMasterCustomerWeb" : "D:\\RPA NEW REQUEST\\Master Data\\Master Customer BPK Web Apps.xlsx",
  "SharedPathTempClearing" : "D:\\RPA NEW REQUEST\\Temporary\\Clearing AR\\",
  "SharedPathCopyRange" : "D:\\RPA NEW REQUEST\\Template\\Report Clearing AR\\CopyRange.xlsx",
  "SharedPathMoveFailClearing" : "D:\\RPA NEW REQUEST\\Source Data\\Clearing AR\\Failed Clearing\\",
  "MailSender-test" : "admin.rpa.qi7@asv.ajinomoto.com",
  "MailSender" : "pta.emailsystem.yu5@asv.ajinomoto.com",
  "MailSender-gmail" : "RoboticTTS@gmail.com",
  "MailCC" : "septavial@gmail.com",
  "MailSenderPassword-gmail" : "TTNI@2021",
  "MailSenderPassword" : "password",
  "MailRecipient" : "wahyuna.permana.3eq@asv.ajinomoto.com,fatullah.6jv@asv.ajinomoto.com,novan.kustianto.ae5@asv.ajinomoto.com,maulana.maarief.xw3@asv.ajinomoto.com,luffi.rivaldi.eu4@asv.ajinomoto.com,andryan.purnama.jg8@asv.ajinomoto.com,ridho.zikrillah.3x2@asv.ajinomoto.com,endra.griswandi.f6a@asv.ajinomoto.com,idham.chalik.ij3@asv.ajinomoto.com,yanuar.putra.4wp@asv.ajinomoto.com,suparno.cj9@asv.ajinomoto.com,sukmo.pratomo.bu5@asv.ajinomoto.com,ioni.waskita.vv4@asv.ajinomoto.com,faris.dinan.id2@asv.ajinomoto.com",
  "MailRecipientConvert" : "wahyuna.permana.3eq@asv.ajinomoto.com,fatullah.6jv@asv.ajinomoto.com,novan.kustianto.ae5@asv.ajinomoto.com,maulana.maarief.xw3@asv.ajinomoto.com,luffi.rivaldi.eu4@asv.ajinomoto.com,andryan.purnama.jg8@asv.ajinomoto.com,ridho.zikrillah.3x2@asv.ajinomoto.com,endra.griswandi.f6a@asv.ajinomoto.com,idham.chalik.ij3@asv.ajinomoto.com,yanuar.putra.4wp@asv.ajinomoto.com,suparno.cj9@asv.ajinomoto.com,sukmo.pratomo.bu5@asv.ajinomoto.com,ioni.waskita.vv4@asv.ajinomoto.com,faris.dinan.id2@asv.ajinomoto.com",
  "SMTPHost-gmail" : "smtp.gmail.com",
  "SMTPPort-gmail" : "465",
  "SMTPHost" : "smtp.ajinomoto.co.id",
  "SMTPPort" : "25"
}