{
  "Workflows": [
    {
      "Path": null,
      "SortBy": 0,
      "VariablesSectionElementsOrder": [],
      "ArgumentsSectionElementsOrder": null,
      "ConstantsSectionElementsOrder": [],
      "AddedNamespaces": null
    },
    {
      "Path": "Flowchart.xaml",
      "SortBy": 0,
      "VariablesSectionElementsOrder": [
        "dtResultCheck&Sequence_237",
        "ToEmail&Sequence_250",
        "EmailTable&Sequence_250",
        "CCEmail&Sequence_250",
        "DateInfo&Sequence_250",
        "ToEmail&Sequence_251",
        "EmailTable&Sequence_251",
        "CCEmail&Sequence_251",
        "DateInfo&Sequence_251",
        "workbook&Flowchart_1",
        "fileExportSAP&Flowchart_1",
        "fileSAP_K2&Flowchart_1",
        "sourceTemplateSAP&Flowchart_1",
        "copyTemplateSAP&Flowchart_1",
        "sourceTemplateSAP_K2&Flowchart_1",
        "copyTemplateSAP_K2&Flowchart_1",
        "MailSubject&Flowchart_1",
        "SMTPHost&Flowchart_1",
        "SMTPPort&Flowchart_1",
        "MailAccount&Flowchart_1",
        "MailPassword&Flowchart_1",
        "Tolist&Flowchart_1",
        "CcList&Flowchart_1",
        "pathOutput&Flowchart_1",
        "startTime&Flowchart_1",
        "cfgValue&Sequence_153",
        "jConfig&Sequence_153",
        "startDate&Sequence_232",
        "endDate&Sequence_232",
        "strUsername&Sequence_232",
        "strPassword&Sequence_232",
        "strStartDate&Sequence_232",
        "strEndDate&Sequence_232",
        "IsValidStartDate&Sequence_232",
        "IsValidEndDate&Sequence_232",
        "getStartDate&Sequence_205",
        "getEndDate&Sequence_205",
        "getStartDate&Sequence_197",
        "getEndDate&Sequence_197",
        "directoryPath&Sequence_186",
        "baseFileName&Sequence_186",
        "extension&Sequence_186",
        "fileNumber&Sequence_186",
        "filePath&Sequence_186",
        "endDate&Sequence_233",
        "startDate&Sequence_233",
        "strID&Sequence_233",
        "strPassword&Sequence_233",
        "fileName&Sequence_165",
        "fileSAP_CSV&Sequence_234",
        "dtCSV&Sequence_181",
        "directoryPath&Sequence_181",
        "baseFileName&Sequence_181",
        "extension&Sequence_181",
        "fileNumber&Sequence_181",
        "filePath&Sequence_181",
        "dtExport&Sequence_81",
        "dtSource&Sequence_136",
        "dtSource2&Sequence_136",
        "dtMasterAdminCode&Sequence_237",
        "dtMasterEmail&Sequence_237",
        "dtEmailFiltered&Sequence_237",
        "outputPath&Sequence_237",
        "endTime&Sequence_237",
        "Duration&Sequence_237",
        "DurationString&Sequence_237"
      ],
      "ArgumentsSectionElementsOrder": [],
      "ConstantsSectionElementsOrder": [],
      "AddedNamespaces": null
    }
  ]
}